{"source": "progenax Maschberger (2013), mu=0.2 beta=1.4 m_min=0.1 m_max=100", "mu": 0.2, "beta": 1.4, "m_min": 0.1, "m_max": 100.0, "rows": [{"alpha": 1.7, "us": [0.005, 0.04625, 0.08750000000000001, 0.12875, 0.17, 0.21125000000000002, 0.2525, 0.29375, 0.335, 0.37625000000000003, 0.41750000000000004, 0.45875000000000005, 0.5, 0.54125, 0.5825, 0.62375, 0.665, 0.70625, 0.7475, 0.7887500000000001, 0.8300000000000001, 0.8712500000000001, 0.9125000000000001, 0.9537500000000001, 0.995], "ppf": [0.1013469975890452, 0.11325368077610876, 0.12673935903751, 0.14207253222392321, 0.1595818050718968, 0.1796730624482886, 0.20285274004463894, 0.22975982630262304, 0.2612106009829491, 0.29826233232128374, 0.34230583714556545, 0.3952031082326971, 0.45949735306001743, 0.5387432392189705, 0.6380443360606841, 0.7649636937275278, 0.9311421139039425, 1.1553447703886206, 1.4696192134324932, 1.9329141437753525, 2.6649755935664903, 3.945678878975678, 6.586684904075061, 14.052498543976192, 67.87436184249029], "cdf_frac": {"0.5": 0.5221962433269985, "1.0": 0.6790994394721213, "5.0": 0.8919117474067876, "20.0": 0.9670603712700824}}, {"alpha": 2.3, "us": [0.005, 0.04625, 0.08750000000000001, 0.12875, 0.17, 0.21125000000000002, 0.2525, 0.29375, 0.335, 0.37625000000000003, 0.41750000000000004, 0.45875000000000005, 0.5, 0.54125, 0.5825, 0.62375, 0.665, 0.70625, 0.7475, 0.7887500000000001, 0.8300000000000001, 0.8712500000000001, 0.9125000000000001, 0.9537500000000001, 0.995], "ppf": [0.10087345968597182, 0.10838318444903568, 0.1164795625857854, 0.1252349698162684, 0.1347352360888353, 0.14508295187336342, 0.1564018162152796, 0.16884243438614782, 0.1825901676805095, 0.1978759445032159, 0.21499143704864015, 0.234310830612564, 0.25632282418577934, 0.28167901303290926, 0.31126946606336603, 0.34634539622907246, 0.3887275771937434, 0.441180642801712, 0.5081332538815677, 0.5971914109154693, 0.7227142899219793, 0.9157831823368774, 1.2600872863951083, 2.099342120951595, 11.391732011292161], "cdf_frac": {"0.5": 0.7430386549195431, "1.0": 0.8841146706069452, "5.0": 0.9849161890073783, "20.0": 0.997754062149482}}, {"alpha": 2.8, "us": [0.005, 0.04625, 0.08750000000000001, 0.12875, 0.17, 0.21125000000000002, 0.2525, 0.29375, 0.335, 0.37625000000000003, 0.41750000000000004, 0.45875000000000005, 0.5, 0.54125, 0.5825, 0.62375, 0.665, 0.70625, 0.7475, 0.7887500000000001, 0.8300000000000001, 0.8712500000000001, 0.9125000000000001, 0.9537500000000001, 0.995], "ppf": [0.10073721751813132, 0.10700020166766838, 0.11361039602034484, 0.1206069335422505, 0.128035827264536, 0.13595155602426917, 0.14441912942519514, 0.1535168121279008, 0.16333977065138774, 0.17400503517574029, 0.18565837515441921, 0.19848402599263273, 0.21271877688563837, 0.2286729346094615, 0.24676251381868225, 0.2675605221583272, 0.2918823382676284, 0.3209356362277653, 0.3566016861078571, 0.40200980304689626, 0.46285029138378697, 0.5508907170669792, 0.695998812232168, 1.0105905628803764, 3.5380711855410905], "cdf_frac": {"0.5": 0.8495310280380681, "1.0": 0.9528969700277595, "5.0": 0.9973178617342059, "20.0": 0.9997896475709946}}]}
